associate_id,associate_name,team,shift,experience_level,daily_target,quality_target
A2001,Ops Associate 01,Quality Desk,Night,Developing,48,95
A2002,Ops Associate 02,Quality Desk,Night,Experienced,45,95
A2003,Ops Associate 03,Partner Support,Night,Developing,45,95
A2004,Ops Associate 04,Partner Support,Morning,Developing,49,95
A2005,Ops Associate 05,Exception Desk,Morning,Experienced,45,95
A2006,Ops Associate 06,Quality Desk,Night,Experienced,47,95
A2007,Ops Associate 07,Partner Support,Afternoon,Experienced,36,95
A2008,Ops Associate 08,Exception Desk,Evening,Experienced,52,95
A2009,Ops Associate 09,Partner Support,Night,Developing,43,95
A2010,Ops Associate 10,Exception Desk,Morning,Experienced,38,95
A2011,Ops Associate 11,Exception Desk,Morning,Experienced,51,95
A2012,Ops Associate 12,Partner Support,Morning,Experienced,49,95
A2013,Ops Associate 13,Quality Desk,Morning,Experienced,36,95
A2014,Ops Associate 14,Quality Desk,Morning,Experienced,38,95
A2015,Ops Associate 15,Quality Desk,Night,Proficient,35,95
A2016,Ops Associate 16,Partner Support,Evening,Developing,40,95
A2017,Ops Associate 17,Partner Support,Night,Proficient,36,95
A2018,Ops Associate 18,Partner Support,Night,Developing,49,95
A2019,Ops Associate 19,Exception Desk,Night,Developing,45,95
A2020,Ops Associate 20,Partner Support,Morning,Developing,54,95
