partner_id,partner_name,city,region,partner_status,onboarding_date,average_rating,total_completed_deliveries,issue_frequency
DP1001,Fictional Partner 001,Northbridge,North,Active,2023-09-14,4.72,8160,0.106
DP1002,Fictional Partner 002,Easton,East,Active,2024-09-28,4.49,1073,0.05
DP1003,Fictional Partner 003,Lakeview,Central,Onboarding,2023-12-13,4.41,7517,0.031
DP1004,Fictional Partner 004,Westhaven,West,Active,2024-05-04,4.19,752,0.082
DP1005,Fictional Partner 005,Southport,South,Active,2023-11-17,4.03,4145,0.073
DP1006,Fictional Partner 006,Northbridge,North,Review,2023-07-06,4.33,5133,0.045
DP1007,Fictional Partner 007,Easton,East,Active,2024-06-18,4.44,3170,0.065
DP1008,Fictional Partner 008,Lakeview,Central,Active,2024-11-09,4.89,1413,0.065
DP1009,Fictional Partner 009,Westhaven,West,Active,2023-07-04,4.48,1796,0.059
DP1010,Fictional Partner 010,Southport,South,Active,2024-06-29,4.7,7044,0.067
DP1011,Fictional Partner 011,Northbridge,North,Active,2023-07-02,4.33,2845,0.113
DP1012,Fictional Partner 012,Easton,East,Onboarding,2024-05-16,4.15,2775,0.055
DP1013,Fictional Partner 013,Lakeview,Central,Active,2024-07-06,4.21,7863,0.152
DP1014,Fictional Partner 014,Westhaven,West,Active,2023-11-11,4.27,1394,0.147
DP1015,Fictional Partner 015,Southport,South,Active,2024-05-30,4.98,7796,0.082
DP1016,Fictional Partner 016,Northbridge,North,Active,2023-07-10,4.24,7844,0.059
DP1017,Fictional Partner 017,Easton,East,Active,2023-02-25,4.66,5168,0.09
DP1018,Fictional Partner 018,Lakeview,Central,Active,2023-03-09,4.22,1573,0.137
DP1019,Fictional Partner 019,Westhaven,West,Active,2023-11-09,4.68,1493,0.108
DP1020,Fictional Partner 020,Southport,South,Active,2024-09-23,4.55,2563,0.131
DP1021,Fictional Partner 021,Northbridge,North,Active,2023-03-31,4.41,4992,0.09
DP1022,Fictional Partner 022,Easton,East,Active,2023-11-16,4.44,1474,0.105
DP1023,Fictional Partner 023,Lakeview,Central,Review,2024-05-07,4.29,3981,0.053
DP1024,Fictional Partner 024,Westhaven,West,Onboarding,2023-05-22,4.56,1158,0.12
DP1025,Fictional Partner 025,Southport,South,Active,2024-05-20,4.34,4684,0.04
DP1026,Fictional Partner 026,Northbridge,North,Active,2023-08-03,4.14,375,0.114
DP1027,Fictional Partner 027,Easton,East,Active,2024-07-20,4.13,6085,0.139
DP1028,Fictional Partner 028,Lakeview,Central,Active,2024-02-10,4.49,659,0.03
DP1029,Fictional Partner 029,Westhaven,West,Active,2024-01-18,4.84,1817,0.102
DP1030,Fictional Partner 030,Southport,South,Active,2023-05-04,4.49,1649,0.024
DP1031,Fictional Partner 031,Northbridge,North,Active,2023-11-21,4.42,7097,0.119
DP1032,Fictional Partner 032,Easton,East,Review,2024-08-22,4.52,643,0.023
DP1033,Fictional Partner 033,Lakeview,Central,Active,2023-01-14,4.78,3762,0.15
DP1034,Fictional Partner 034,Westhaven,West,Active,2024-06-14,4.5,5106,0.031
DP1035,Fictional Partner 035,Southport,South,Active,2023-12-11,4.35,4482,0.154
DP1036,Fictional Partner 036,Northbridge,North,Active,2024-05-18,4.73,5849,0.13
DP1037,Fictional Partner 037,Easton,East,Active,2024-04-09,4.56,6865,0.099
DP1038,Fictional Partner 038,Lakeview,Central,Active,2023-10-30,4.83,3467,0.127
DP1039,Fictional Partner 039,Westhaven,West,Active,2023-08-05,4.5,7074,0.129
DP1040,Fictional Partner 040,Southport,South,Active,2024-03-15,4.14,2839,0.152
DP1041,Fictional Partner 041,Northbridge,North,Active,2023-04-09,4.11,8370,0.048
DP1042,Fictional Partner 042,Easton,East,Active,2024-02-13,4.86,4387,0.099
DP1043,Fictional Partner 043,Lakeview,Central,Active,2023-03-08,4.88,6308,0.024
DP1044,Fictional Partner 044,Westhaven,West,Active,2024-03-30,4.41,7462,0.102
DP1045,Fictional Partner 045,Southport,South,Active,2024-03-16,4.35,6779,0.036
DP1046,Fictional Partner 046,Northbridge,North,Active,2023-03-01,4.82,7264,0.095
DP1047,Fictional Partner 047,Easton,East,Active,2024-06-14,4.17,4653,0.096
DP1048,Fictional Partner 048,Lakeview,Central,Active,2023-10-19,4.23,560,0.08
DP1049,Fictional Partner 049,Westhaven,West,Active,2024-07-04,4.61,4292,0.088
DP1050,Fictional Partner 050,Southport,South,Active,2023-01-30,4.35,1706,0.125
DP1051,Fictional Partner 051,Northbridge,North,Active,2023-05-06,4.45,7579,0.13
DP1052,Fictional Partner 052,Easton,East,Active,2023-12-12,4.41,2164,0.084
DP1053,Fictional Partner 053,Lakeview,Central,Active,2023-05-12,4.53,2092,0.1
DP1054,Fictional Partner 054,Westhaven,West,Active,2023-08-19,4.8,2269,0.15
DP1055,Fictional Partner 055,Southport,South,Active,2024-04-07,4.47,5533,0.028
DP1056,Fictional Partner 056,Northbridge,North,Active,2023-04-12,4.61,4941,0.028
DP1057,Fictional Partner 057,Easton,East,Active,2024-04-19,3.94,8075,0.023
DP1058,Fictional Partner 058,Lakeview,Central,Active,2023-03-14,4.44,3654,0.109
DP1059,Fictional Partner 059,Westhaven,West,Active,2023-05-03,4.24,2542,0.073
DP1060,Fictional Partner 060,Southport,South,Active,2024-02-16,4.15,608,0.126
DP1061,Fictional Partner 061,Northbridge,North,Active,2024-07-09,4.23,258,0.111
DP1062,Fictional Partner 062,Easton,East,Active,2023-04-30,4.37,3300,0.06
DP1063,Fictional Partner 063,Lakeview,Central,Active,2023-07-29,4.68,7884,0.145
DP1064,Fictional Partner 064,Westhaven,West,Active,2024-10-09,4.12,4547,0.124
DP1065,Fictional Partner 065,Southport,South,Active,2024-11-23,4.46,7616,0.051
DP1066,Fictional Partner 066,Northbridge,North,Active,2024-02-11,4.33,1043,0.065
DP1067,Fictional Partner 067,Easton,East,Active,2023-11-09,4.37,974,0.057
DP1068,Fictional Partner 068,Lakeview,Central,Active,2023-08-31,4.7,7117,0.034
DP1069,Fictional Partner 069,Westhaven,West,Active,2024-03-04,4.58,1085,0.032
DP1070,Fictional Partner 070,Southport,South,Active,2024-02-18,4.78,631,0.15
DP1071,Fictional Partner 071,Northbridge,North,Active,2023-07-26,4.41,3553,0.076
DP1072,Fictional Partner 072,Easton,East,Active,2023-01-16,4.28,7876,0.067
DP1073,Fictional Partner 073,Lakeview,Central,Onboarding,2023-04-17,4.39,5921,0.119
DP1074,Fictional Partner 074,Westhaven,West,Active,2024-11-01,4.51,1022,0.093
DP1075,Fictional Partner 075,Southport,South,Active,2023-10-20,4.49,7148,0.15
DP1076,Fictional Partner 076,Northbridge,North,Active,2023-12-04,4.18,7201,0.127
DP1077,Fictional Partner 077,Easton,East,Active,2023-11-23,4.47,6845,0.082
DP1078,Fictional Partner 078,Lakeview,Central,Active,2024-07-01,4.51,7692,0.066
DP1079,Fictional Partner 079,Westhaven,West,Active,2023-02-15,5.0,2190,0.158
DP1080,Fictional Partner 080,Southport,South,Active,2023-02-27,4.92,8330,0.118
DP1081,Fictional Partner 081,Northbridge,North,Active,2023-07-13,4.24,2861,0.153
DP1082,Fictional Partner 082,Easton,East,Active,2023-12-07,4.38,6856,0.028
DP1083,Fictional Partner 083,Lakeview,Central,Active,2024-04-14,4.08,5008,0.138
DP1084,Fictional Partner 084,Westhaven,West,Active,2023-12-10,4.3,6669,0.106
DP1085,Fictional Partner 085,Southport,South,Active,2023-11-05,4.53,5410,0.028
DP1086,Fictional Partner 086,Northbridge,North,Active,2024-10-18,4.75,5532,0.098
DP1087,Fictional Partner 087,Easton,East,Active,2023-04-23,4.27,5315,0.113
DP1088,Fictional Partner 088,Lakeview,Central,Active,2024-02-05,4.29,6665,0.012
DP1089,Fictional Partner 089,Westhaven,West,Active,2024-01-15,3.91,6334,0.078
DP1090,Fictional Partner 090,Southport,South,Active,2023-11-28,4.41,1316,0.134
DP1091,Fictional Partner 091,Northbridge,North,Active,2024-07-19,4.18,7056,0.054
DP1092,Fictional Partner 092,Easton,East,Active,2023-07-06,4.32,4649,0.079
DP1093,Fictional Partner 093,Lakeview,Central,Active,2024-10-29,4.23,2881,0.076
DP1094,Fictional Partner 094,Westhaven,West,Active,2023-08-21,4.43,4468,0.055
DP1095,Fictional Partner 095,Southport,South,Active,2024-01-17,4.01,8225,0.148
DP1096,Fictional Partner 096,Northbridge,North,Active,2023-12-31,4.08,7317,0.127
DP1097,Fictional Partner 097,Easton,East,Active,2024-08-17,4.98,7119,0.027
DP1098,Fictional Partner 098,Lakeview,Central,Active,2023-11-04,4.13,4041,0.16
DP1099,Fictional Partner 099,Westhaven,West,Active,2023-07-19,4.18,6708,0.142
DP1100,Fictional Partner 100,Southport,South,Review,2023-01-16,4.91,3396,0.053
